{
    "name": "root",
    "gauges": {
        "Dwarf.Policy.Entropy.mean": {
            "value": 0.6756146550178528,
            "min": 0.6756146550178528,
            "max": 2.1967806816101074,
            "count": 50
        },
        "Dwarf.Policy.Entropy.sum": {
            "value": 6733.17578125,
            "min": 6733.17578125,
            "max": 22776.22265625,
            "count": 50
        },
        "Dwarf.Step.mean": {
            "value": 499961.0,
            "min": 9984.0,
            "max": 499961.0,
            "count": 50
        },
        "Dwarf.Step.sum": {
            "value": 499961.0,
            "min": 9984.0,
            "max": 499961.0,
            "count": 50
        },
        "Dwarf.Policy.ExtrinsicValueEstimate.mean": {
            "value": 1.0729174613952637,
            "min": 0.1190037652850151,
            "max": 1.073257327079773,
            "count": 50
        },
        "Dwarf.Policy.ExtrinsicValueEstimate.sum": {
            "value": 277.8856201171875,
            "min": 19.278610229492188,
            "max": 277.8856201171875,
            "count": 50
        },
        "Dwarf.Policy.CuriosityValueEstimate.mean": {
            "value": 4.796236038208008,
            "min": 0.38891682028770447,
            "max": 10.726911544799805,
            "count": 50
        },
        "Dwarf.Policy.CuriosityValueEstimate.sum": {
            "value": 1242.22509765625,
            "min": 63.00452423095703,
            "max": 1759.2135009765625,
            "count": 50
        },
        "Dwarf.Environment.EpisodeLength.mean": {
            "value": 37.52509652509652,
            "min": 37.52509652509652,
            "max": 799.0,
            "count": 50
        },
        "Dwarf.Environment.EpisodeLength.sum": {
            "value": 9719.0,
            "min": 9101.0,
            "max": 10703.0,
            "count": 50
        },
        "Dwarf.Environment.CumulativeReward.mean": {
            "value": 1.4883407423394988,
            "min": 0.2512077152399191,
            "max": 1.4898048154546017,
            "count": 50
        },
        "Dwarf.Environment.CumulativeReward.sum": {
            "value": 385.4802522659302,
            "min": 3.014492582879029,
            "max": 385.4802522659302,
            "count": 50
        },
        "Dwarf.Policy.ExtrinsicReward.mean": {
            "value": 1.4883407423394988,
            "min": 0.2512077152399191,
            "max": 1.4898048154546017,
            "count": 50
        },
        "Dwarf.Policy.ExtrinsicReward.sum": {
            "value": 385.4802522659302,
            "min": 3.014492582879029,
            "max": 385.4802522659302,
            "count": 50
        },
        "Dwarf.Policy.CuriosityReward.mean": {
            "value": 0.07716474325385334,
            "min": 0.0,
            "max": 240.77768079439798,
            "count": 50
        },
        "Dwarf.Policy.CuriosityReward.sum": {
            "value": 19.985668502748013,
            "min": 0.0,
            "max": 2889.332169532776,
            "count": 50
        },
        "Dwarf.IsTraining.mean": {
            "value": 1.0,
            "min": 1.0,
            "max": 1.0,
            "count": 50
        },
        "Dwarf.IsTraining.sum": {
            "value": 1.0,
            "min": 1.0,
            "max": 1.0,
            "count": 50
        },
        "Dwarf.Losses.PolicyLoss.mean": {
            "value": 0.04996457620679091,
            "min": 0.04333563088439405,
            "max": 0.058585496402035156,
            "count": 48
        },
        "Dwarf.Losses.PolicyLoss.sum": {
            "value": 0.04996457620679091,
            "min": 0.04333563088439405,
            "max": 0.058585496402035156,
            "count": 48
        },
        "Dwarf.Losses.ValueLoss.mean": {
            "value": 0.009812505582037072,
            "min": 0.009812505582037072,
            "max": 9.715218877792358,
            "count": 48
        },
        "Dwarf.Losses.ValueLoss.sum": {
            "value": 0.009812505582037072,
            "min": 0.009812505582037072,
            "max": 9.715218877792358,
            "count": 48
        },
        "Dwarf.Policy.LearningRate.mean": {
            "value": 4.0710986429999925e-06,
            "min": 4.0710986429999925e-06,
            "max": 0.0002937792020736,
            "count": 48
        },
        "Dwarf.Policy.LearningRate.sum": {
            "value": 4.0710986429999925e-06,
            "min": 4.0710986429999925e-06,
            "max": 0.0002937792020736,
            "count": 48
        },
        "Dwarf.Policy.Epsilon.mean": {
            "value": 0.10135699999999997,
            "min": 0.10135699999999997,
            "max": 0.19792640000000003,
            "count": 48
        },
        "Dwarf.Policy.Epsilon.sum": {
            "value": 0.10135699999999997,
            "min": 0.10135699999999997,
            "max": 0.19792640000000003,
            "count": 48
        },
        "Dwarf.Policy.Beta.mean": {
            "value": 1.6649299999999983e-05,
            "min": 1.6649299999999983e-05,
            "max": 0.00048983936,
            "count": 48
        },
        "Dwarf.Policy.Beta.sum": {
            "value": 1.6649299999999983e-05,
            "min": 1.6649299999999983e-05,
            "max": 0.00048983936,
            "count": 48
        },
        "Dwarf.Losses.CuriosityForwardLoss.mean": {
            "value": 0.010024073366851856,
            "min": 0.009353323156634967,
            "max": 18.742950121561687,
            "count": 48
        },
        "Dwarf.Losses.CuriosityForwardLoss.sum": {
            "value": 0.010024073366851856,
            "min": 0.009353323156634967,
            "max": 18.742950121561687,
            "count": 48
        },
        "Dwarf.Losses.CuriosityInverseLoss.mean": {
            "value": 0.001777844867683598,
            "min": 0.0009820282893391171,
            "max": 1.1070392089585464,
            "count": 48
        },
        "Dwarf.Losses.CuriosityInverseLoss.sum": {
            "value": 0.001777844867683598,
            "min": 0.0009820282893391171,
            "max": 1.1070392089585464,
            "count": 48
        }
    },
    "metadata": {
        "timer_format_version": "0.1.0",
        "start_time_seconds": "1621314170",
        "python_version": "3.7.10 (default, Feb 26 2021, 13:06:18) [MSC v.1916 64 bit (AMD64)]",
        "command_line_arguments": "C:\\Users\\Curtis\\anaconda3\\envs\\mlagents\\Scripts\\mlagents-learn dwarf_config.yaml --run-id=discrete_actions_test --force",
        "mlagents_version": "0.26.0",
        "mlagents_envs_version": "0.26.0",
        "communication_protocol_version": "1.5.0",
        "pytorch_version": "1.8.1",
        "numpy_version": "1.20.1",
        "end_time_seconds": "1621315427"
    },
    "total": 1247.4288761,
    "count": 1,
    "self": 0.011536100000057559,
    "children": {
        "run_training.setup": {
            "total": 0.23547589999999996,
            "count": 1,
            "self": 0.23547589999999996
        },
        "TrainerController.start_learning": {
            "total": 1247.1818641,
            "count": 1,
            "self": 1.8169650000299953,
            "children": {
                "TrainerController._reset_env": {
                    "total": 9.2114543,
                    "count": 1,
                    "self": 9.2114543
                },
                "TrainerController.advance": {
                    "total": 1236.03378719997,
                    "count": 88660,
                    "self": 1.9861358999787626,
                    "children": {
                        "env_step": {
                            "total": 948.1738100999916,
                            "count": 88660,
                            "self": 658.5162889000123,
                            "children": {
                                "SubprocessEnvManager._take_step": {
                                    "total": 288.5107429999964,