{"count":1,"self":233.12145919999998,"total":1186.1574149,"children":{"InitializeActuators":{"count":6,"self":0.0009995,"total":0.0009995,"children":null},"InitializeSensors":{"count":6,"self":0.0029995,"total":0.0029995,"children":null},"AgentSendState":{"count":416851,"self":37.5399072,"total":66.7740379,"children":{"CollectObservations":{"count":500226,"self":2.3803411999999997,"total":2.3803411,"children":null},"WriteActionMask":{"count":500226,"self":1.5363326,"total":1.5363326,"children":null},"RequestDecision":{"count":500226,"self":4.6102744,"total":25.3174583,"children":{"AgentInfo.ToProto":{"count":500226,"self":3.9470843999999996,"total":20.7071838,"children":{"GenerateSensorData":{"count":500226,"self":14.275593599999999,"total":16.760099399999998,"children":{"RayPerceptionSensor.Perceive":{"count":500226,"self":2.4845061999999998,"total":2.4845061999999998,"children":null}}}}}}}}},"DecideAction":{"count":416851,"self":879.9734784,"total":879.9734685,"children":null},"AgentAct":{"count":416851,"self":6.2064407999999993,"total":6.2154622,"children":{"AgentInfo.ToProto":{"count":322,"self":0.001,"total":0.0090213999999999989,"children":{"GenerateSensorData":{"count":322,"self":0.0050196,"total":0.0080214,"children":{"RayPerceptionSensor.Perceive":{"count":322,"self":0.0030017999999999998,"total":0.0030017999999999998,"children":null}}}}}}},"AgentInfo.ToProto":{"count":1906,"self":0.0079986,"total":0.0679988,"children":{"GenerateSensorData":{"count":1906,"self":0.0469998,"total":0.0600002,"children":{"RayPerceptionSensor.Perceive":{"count":1906,"self":0.013000399999999999,"total":0.013000399999999999,"children":null}}}}}},"gauges":{"Dwarf.CumulativeReward":{"count":2228,"max":1.552965,"min":0.141907826,"runningAverage":1.31297767,"value":1.54661441,"weightedAverage":1.53503776}},"metadata":{"timer_format_version":"0.1.0","start_time_seconds":"1620959327","unity_version":"2019.4.21f1","command_line_arguments":"C:\\Program Files\\Unity\\Hub\\Editor\\2019.4.21f1\\Editor\\Unity.exe -projectpath C:\/Users\/Curtis\/Documents\/GitHub\/Assignment2\/GameAI3 -useHub -hubIPC -cloudEnvironment production -hubSessionId d1b11550-b457-11eb-9357-53ae2358034c -accessToken YWqH2mlzNxUbCKKBy94bHy8fXbPxvoNzI2UVhKaLotI00ff","communication_protocol_version":"1.5.0","com.unity.ml-agents_version":"2.0.0-exp.1","scene_name":"TestSeries2","end_time_seconds":"1620960513"}}